Post id,Date,Post text,Link,Impressions,Likes,Engagements,Bookmarks,Share,New follows,Replies,Reposts,Profile visits,Detail expands,Url clicks,Hashtag clicks,Permalink clicks
1902622306553184746,Thu Mar 20 2025,"@emilyxlai that's why @KaiaChain is leveraging Line for onboarding",https://x.com/KaiaDevIntern/status/1902622306553184746,33,0,0,0,0,0,0,0,0,0,0,0,0
1902621653873594581,Thu Mar 20 2025,"@kemang1_wangi super amazing",https://x.com/KaiaDevIntern/status/1902621653873594581,3,0,0,0,0,0,0,0,0,0,0,0,0
1902620805600833905,Thu Mar 20 2025,"for the culture",https://x.com/KaiaDevIntern/status/1902620805600833905,85,2,3,0,0,0,0,0,1,0,0,0,0
1902620516848156882,Thu Mar 20 2025,"@uttam_singhk listen to the community they say üëÅÔ∏èüëÑüëÅÔ∏è",https://x.com/KaiaDevIntern/status/1902620516848156882,36,1,4,0,0,0,0,0,1,2,0,0,0
1902620363147620863,Thu Mar 20 2025,"@PlayonKaia @dapp_portal @KaiaChain @Bombie_xyz @CatteaAI damn im late can we have round 2 plz",https://x.com/KaiaDevIntern/status/1902620363147620863,140,0,1,0,0,0,0,0,1,0,0,0,0
1902620165822672967,Thu Mar 20 2025,"GM CT stocking up on $KAIA cause its on sale hbu? https://t.co/ybafOdJD47",https://x.com/KaiaDevIntern/status/1902620165822672967,1295,12,49,0,0,0,3,0,12,21,0,0,0
1902600998235074594,Thu Mar 20 2025,"@Isotype13 ton mistake was overindexing on telegram and ignoring the onchain part @KaiaChain is where real users get onboarded onchain",https://x.com/KaiaDevIntern/status/1902600998235074594,156,7,17,0,0,0,2,0,3,5,0,0,0
1902600110682599690,Thu Mar 20 2025,"@KaiaAgent007 i need a 1000x for retirement bro",https://x.com/KaiaDevIntern/status/1902600110682599690,2,1,1,0,0,0,0,0,0,0,0,0,0
1902549692006986127,Thu Mar 20 2025,"Kaia chain will make web3 gaming great again.",https://x.com/KaiaDevIntern/status/1902549692006986127,299,15,29,0,0,0,2,4,0,8,0,0,0
1902170321865818268,Wed Mar 19 2025,"idk what to say other than @KaiaChain is so underrated",https://x.com/KaiaDevIntern/status/1902170321865818268,568,14,34,0,0,1,7,1,2,9,0,0,0
1902170184426869048,Wed Mar 19 2025,wot?,https://x.com/KaiaDevIntern/status/1902170184426869048,64,0,2,0,0,0,0,0,0,2,0,0,0
1902169344228172235,Wed Mar 19 2025,"tonight tonight",https://x.com/KaiaDevIntern/status/1902169344228172235,163,9,13,0,0,0,1,0,0,3,0,0,0
1902169208894664841,Wed Mar 19 2025,lmaooooooooooooo,https://x.com/KaiaDevIntern/status/1902169208894664841,62,1,4,0,0,0,0,0,0,3,0,0,0
1902169109925917107,Wed Mar 19 2025,"i need a pfp change",https://x.com/KaiaDevIntern/status/1902169109925917107,76,1,1,0,0,0,0,0,0,0,0,0,0
1902169061448151159,Wed Mar 19 2025,"@Kaiachain_News heck yea",https://x.com/KaiaDevIntern/status/1902169061448151159,42,1,2,0,0,0,0,0,1,0,0,0,0
1901553545067008318,Mon Mar 17 2025,"Copycat, kiss the rat. https://t.co/vjhR6wiybl",https://x.com/KaiaDevIntern/status/1901553545067008318,227,9,65,0,0,0,2,5,4,16,29,0,0
1901551452197470383,Mon Mar 17 2025,$KAIA,https://x.com/KaiaDevIntern/status/1901551452197470383,455,12,33,0,0,0,4,0,15,2,0,0,0
1901549859519488199,Mon Mar 17 2025,"@yoitsOG try games on @dapp_portal",https://x.com/KaiaDevIntern/status/1901549859519488199,25,1,1,0,0,0,0,0,0,0,0,0,0
1901548838776713693,Mon Mar 17 2025,"@KAIA_ANGLE key thing is line users are using $KAIA, makes for great adoption this is where TON failed because their mini apps just made everything offchain",https://x.com/KaiaDevIntern/status/1901548838776713693,97,5,13,0,0,0,0,0,0,8,0,0,0
1901547875622178868,Mon Mar 17 2025,"good upgrade",https://x.com/KaiaDevIntern/status/1901547875622178868,200,9,12,0,0,0,0,0,1,2,0,0,0
1900473377627992073,Fri Mar 14 2025,"imitation is the sincerest form of flattery",https://x.com/KaiaDevIntern/status/1900473377627992073,393,12,21,0,0,0,0,2,4,3,0,0,0
1900363039180022017,Fri Mar 14 2025,"@auloap how to get adopted by trump family?",https://x.com/KaiaDevIntern/status/1900363039180022017,40,0,5,0,0,0,1,0,1,3,0,0,0
1900362917666841053,Fri Mar 14 2025,"suxx on deez nuts ü•ú soneium",https://x.com/KaiaDevIntern/status/1900362917666841053,108,5,6,0,0,0,0,0,0,1,0,0,0
1900362761663889581,Fri Mar 14 2025,"soneium been real quiet since this banger drop time to unleash fury and wrath",https://x.com/KaiaDevIntern/status/1900362761663889581,192,8,12,0,0,0,0,0,2,2,0,0,0
1897161199630082139,Wed Mar 05 2025,"ride the kaia wave",https://x.com/KaiaDevIntern/status/1897161199630082139,563,13,36,0,0,0,3,3,1,16,0,0,0
1896847016418042088,Tue Mar 04 2025,"@CapybaraDEX liquidated",https://x.com/KaiaDevIntern/status/1896847016418042088,27,0,2,0,0,0,1,0,0,1,0,0,0
1895382852054983136,Fri Feb 28 2025,"@ACharjan64293 bruh let me in",https://x.com/KaiaDevIntern/status/1895382852054983136,19,0,0,0,0,0,0,0,0,0,0,0,0
1895044941619044784,Thu Feb 27 2025,"@maeveknowsnfts good lookin",https://x.com/KaiaDevIntern/status/1895044941619044784,15,0,1,0,0,0,0,0,1,0,0,0,0
1895006457923502169,Thu Feb 27 2025,BUILD,https://x.com/KaiaDevIntern/status/1895006457923502169,195,4,13,0,0,0,1,2,2,4,0,0,0
1895003641393881560,Thu Feb 27 2025,"mom look we made it https://t.co/7XdY8jPKG1",https://x.com/KaiaDevIntern/status/1895003641393881560,379,11,46,0,0,0,4,0,11,10,0,0,0
1893874554142957708,Mon Feb 24 2025,"@upuptnki stfu",https://x.com/KaiaDevIntern/status/1893874554142957708,23,0,2,0,0,0,1,0,0,1,0,0,0
1893312487270834304,Sat Feb 22 2025,"Kaia chain is the best chain in crypto",https://x.com/KaiaDevIntern/status/1893312487270834304,512,16,42,0,0,0,4,1,10,11,0,0,0
1892152011136868858,Wed Feb 19 2025,"come by if you are in denver",https://x.com/KaiaDevIntern/status/1892152011136868858,141,2,2,0,0,0,0,0,0,0,0,0,0
1891797157751161163,Tue Feb 18 2025,"wake up honey epoch 2 early access just dropped",https://x.com/KaiaDevIntern/status/1891797157751161163,245,8,14,0,0,0,1,0,1,4,0,0,0
1891762622606852237,Tue Feb 18 2025,"EPOCH 2 IS HERE BABY boost your points for free. if u lookin for a code, here's mine: https://t.co/u40AXdM9B2 (hehe i need more frens) https://t.co/hCQ3il9wxh",https://x.com/KaiaDevIntern/status/1891762622606852237,348,11,42,1,0,0,0,1,2,9,9,0,0
1889551295130083628,Wed Feb 12 2025,"@lonhoex what a left curve af take, you know how hard it is to hire people with passion and alignment. most of this space is full of grifters trying to do no work. so no, you don't talk about replacing people like changing clothes Kaia does a ton of X activities. if you have ideas, there",https://x.com/KaiaDevIntern/status/1889551295130083628,183,5,44,0,0,0,5,0,3,31,0,0,0
1889525390898766222,Wed Feb 12 2025,"@lonhoex what do you suggest for marketing then?",https://x.com/KaiaDevIntern/status/1889525390898766222,191,4,20,0,0,1,3,0,5,7,0,0,0
1889345848221610118,Tue Feb 11 2025,"thanks fam",https://x.com/KaiaDevIntern/status/1889345848221610118,160,3,9,0,0,0,1,0,2,3,0,0,0
1889284817382244715,Tue Feb 11 2025,"yes. native. stablecoin.",https://x.com/KaiaDevIntern/status/1889284817382244715,209,6,14,0,0,0,2,1,1,4,0,0,0
1889191655376658858,Tue Feb 11 2025,"@YuzuRush you don't even need builder program. think of unique names that act as the north star for builders",https://x.com/KaiaDevIntern/status/1889191655376658858,25,1,10,0,0,0,1,0,1,7,0,0,0
1888776578328637931,Mon Feb 10 2025,"@early2know you can always add Kaia back in after. during brainstorming, the more broad the context, the more creative freedom the community has",https://x.com/KaiaDevIntern/status/1888776578328637931,23,1,4,0,0,0,0,0,3,0,0,0,0
1888456105866797284,Sun Feb 09 2025,"@super_projects will make a poll later",https://x.com/KaiaDevIntern/status/1888456105866797284,50,0,1,0,0,0,1,0,0,0,0,0,0
1888440083898057172,Sun Feb 09 2025,"so 20-ish more days until the end of Kaia Winter Epoch we need a new name for the Builder Program folks so to make the context even more broad for the naming process, i say we don't need the word Kaia in it at all. i want a name that signifies spring will announce rules soon",https://x.com/KaiaDevIntern/status/1888440083898057172,837,10,68,1,0,1,3,1,13,40,0,0,0
1888438260277579967,Sun Feb 09 2025,"@Kaiachain_News lol you too. all these news agent gonna be posting way more than humans bro",https://x.com/KaiaDevIntern/status/1888438260277579967,4,1,1,0,0,0,0,0,0,0,0,0,0
1887800965904171042,Fri Feb 07 2025,"we are just getting started",https://x.com/KaiaDevIntern/status/1887800965904171042,421,14,37,0,0,1,2,1,7,12,0,0,0
1887789679107588209,Fri Feb 07 2025,"What if a messaging app with over 200m+ normie users starts launching Web3 dApps?",https://x.com/KaiaDevIntern/status/1887789679107588209,258,8,11,0,0,0,1,0,0,2,0,0,0
1887778138413015284,Fri Feb 07 2025,"@kaiadefi @KaiaChain what if every mini apps get an allocation to airdrop to users?",https://x.com/KaiaDevIntern/status/1887778138413015284,22,1,5,0,0,0,2,0,0,2,0,0,0
1887776158995128787,Fri Feb 07 2025,"shit. gg folks. i might be out of a job by end of year will switch to KOL shilling arc to make ends meet then",https://x.com/KaiaDevIntern/status/1887776158995128787,155,2,5,0,0,0,2,0,0,1,0,0,0
1887775463596302644,Fri Feb 07 2025,"@ACharjan64293 degen pilled sam fr",https://x.com/KaiaDevIntern/status/1887775463596302644,17,0,3,0,0,0,0,0,1,2,0,0,0
1887775218867052918,Fri Feb 07 2025,"@ACharjan64293 @KaiaChain @opensea swear allegiance to the kaia god",https://x.com/KaiaDevIntern/status/1887775218867052918,31,0,0,0,0,0,0,0,0,0,0,0,0
1887767301082259561,Fri Feb 07 2025,"if you create arts for @KaiaChain go to @opensea and turn your art into NFTs i will mint it",https://x.com/KaiaDevIntern/status/1887767301082259561,200,6,55,1,0,3,2,1,3,40,0,0,0
1887744299636543644,Fri Feb 07 2025,"if you build on kaia, i gotchu FULL CONVICTION gonna ape into whatever i see with the little degen fund i have",https://x.com/KaiaDevIntern/status/1887744299636543644,776,15,46,0,0,0,3,2,5,21,0,0,0
1887726467443781811,Fri Feb 07 2025,"@kaia_chain @MintClubPro @KaiaChain intern is poor. need a big raise",https://x.com/KaiaDevIntern/status/1887726467443781811,26,2,4,0,0,0,0,0,1,1,0,0,0
1887726136874180807,Fri Feb 07 2025,"@maeveknowsnfts @KaiaChain i wish i had IRL frens",https://x.com/KaiaDevIntern/status/1887726136874180807,42,12,19,0,0,0,1,0,0,6,0,0,0
1887725335132946891,Fri Feb 07 2025,"@MintClubPro @KaiaChain aped https://t.co/NaNm9bpCSq",https://x.com/KaiaDevIntern/status/1887725335132946891,669,3,23,0,0,0,1,0,4,7,0,0,0
1887526587299725712,Thu Feb 06 2025,"aka tips",https://x.com/KaiaDevIntern/status/1887526587299725712,67,1,2,0,0,0,0,0,1,0,0,0,0
1887526357758058858,Thu Feb 06 2025,"Thine threads shall be rewarded with riches beyond measure",https://x.com/KaiaDevIntern/status/1887526357758058858,347,5,38,1,0,0,1,0,8,24,0,0,0
1887517730112479742,Thu Feb 06 2025,"@kaiadefi creators write intern tips",https://x.com/KaiaDevIntern/status/1887517730112479742,55,2,4,0,0,0,1,0,1,0,0,0,0
1887423638242271356,Thu Feb 06 2025,"seriously want something like this for @KaiaChain make your arts, tag me and get tipped",https://x.com/KaiaDevIntern/status/1887423638242271356,461,13,74,1,0,2,1,2,7,49,0,0,0
1887423147529674948,Thu Feb 06 2025,PEELS,https://x.com/KaiaDevIntern/status/1887423147529674948,124,4,8,0,0,0,0,1,1,2,0,0,0
1887422044075389241,Thu Feb 06 2025,"ever since telegram went exclusive with TON everyone wants mini dapps let's make @KaiaChain and LINE to be the best place to build mini dapps on evm cooking some serious support internally for our dev community",https://x.com/KaiaDevIntern/status/1887422044075389241,390,12,29,0,0,0,2,1,4,10,0,0,0
1887417349118263541,Thu Feb 06 2025,"@super_projects make proposal and we talk more https://t.co/evz6DOHFrg",https://x.com/KaiaDevIntern/status/1887417349118263541,20,0,4,0,0,0,1,0,1,2,0,0,0
1887416946393862642,Thu Feb 06 2025,"another billionaire pipeline we gotchu",https://x.com/KaiaDevIntern/status/1887416946393862642,93,2,6,0,0,0,0,0,2,2,0,0,0
1887412290925863396,Thu Feb 06 2025,"@teeasma_ you can get some help here @pqd_2411",https://x.com/KaiaDevIntern/status/1887412290925863396,22,0,1,0,0,0,1,0,0,0,0,0,0
1887026770534350913,Wed Feb 05 2025,"you can test in prod on @KaiaChain too because gas is super cheap",https://x.com/KaiaDevIntern/status/1887026770534350913,105,2,6,0,0,0,0,0,0,4,0,0,0
1887026661939667408,Wed Feb 05 2025,"@uttam_singhk you just need a scalable L1 like @KaiaChain",https://x.com/KaiaDevIntern/status/1887026661939667408,21,0,0,0,0,0,0,0,0,0,0,0,0
1887026053916602834,Wed Feb 05 2025,"1B cap pipeline for projects on kaia",https://x.com/KaiaDevIntern/status/1887026053916602834,158,2,10,0,0,0,5,0,0,3,0,0,0
1887025831203234016,Wed Feb 05 2025,"@super_projects sure. show off your ideas here or deploy something onchain for the community to try. will give feedbacks and grants if eligible",https://x.com/KaiaDevIntern/status/1887025831203234016,15,1,4,0,0,0,1,0,0,2,0,0,0
1887023057409323416,Wed Feb 05 2025,"@Oxpam_pam big builder energy",https://x.com/KaiaDevIntern/status/1887023057409323416,61,1,3,0,0,0,1,1,0,0,0,0,0
1887022663270596732,Wed Feb 05 2025,"dev community is aligned with kaia ecosystem projects it's a symbiotic relationship big project has deep liquidity, dev community has passion thank you so much for the sdk. hope others would leverage this to build awesome kick ass apps with it",https://x.com/KaiaDevIntern/status/1887022663270596732,123,3,11,0,0,0,1,2,0,5,0,0,0
1887022098956083350,Wed Feb 05 2025,"with the raised max cap of the builder program now i want to see hyper experimentation of ambitious ideas let's push the limit of what's possible onchain millions of users are waiting for you anon",https://x.com/KaiaDevIntern/status/1887022098956083350,220,9,26,0,0,0,1,2,3,11,0,0,0
1887014412495806837,Wed Feb 05 2025,"Coming soon.",https://x.com/KaiaDevIntern/status/1887014412495806837,135,11,19,0,0,0,0,0,0,8,0,0,0
1886782950630678863,Tue Feb 04 2025,"promo rpc code",https://x.com/KaiaDevIntern/status/1886782950630678863,95,1,3,0,0,0,0,0,1,1,0,0,0
1886761694824948015,Tue Feb 04 2025,"@haxxsniper looking sweet",https://x.com/KaiaDevIntern/status/1886761694824948015,9,0,0,0,0,0,0,0,0,0,0,0,0
1886641256195088440,Tue Feb 04 2025,"Link: https://t.co/kfvJJrYAB4",https://x.com/KaiaDevIntern/status/1886641256195088440,41,0,0,0,0,0,0,0,0,0,0,0,0
1886641253816897802,Tue Feb 04 2025,"After implementing this, we definitely see less low effort submissions, however, this made the payout process way more cumbersome. We will remove the penalty and implement a time lag for new builders instead. So if you are new to the program, you will get 1 - 2 weeks delayed in",https://x.com/KaiaDevIntern/status/1886641253816897802,410,8,36,0,0,0,1,2,2,23,0,0,0
1886636686198890560,Tue Feb 04 2025,"intern will promo all these projects to help them reach even more peeple",https://x.com/KaiaDevIntern/status/1886636686198890560,90,4,5,0,0,0,1,0,0,0,0,0,0
1886630403806781521,Tue Feb 04 2025,"meow meow",https://x.com/KaiaDevIntern/status/1886630403806781521,83,2,4,0,0,0,1,0,0,1,0,0,0
1886630294696185968,Tue Feb 04 2025,"@cryptobeastreal nah you just larp",https://x.com/KaiaDevIntern/status/1886630294696185968,20,1,1,0,0,0,0,0,0,0,0,0,0
1886334499564425539,Mon Feb 03 2025,"time to build",https://x.com/KaiaDevIntern/status/1886334499564425539,194,5,18,0,0,0,1,2,3,7,0,0,0
1886275865853808877,Mon Feb 03 2025,"@BebeIdky temp correction. no biggy.",https://x.com/KaiaDevIntern/status/1886275865853808877,18,1,2,0,0,0,0,0,1,0,0,0,0
1886231645914861814,Mon Feb 03 2025,"@teeasma_ @pqd_2411 oops. went on holiday. back now. it's our builder program. submission guidelines are here. https://t.co/evz6DOHFrg",https://x.com/KaiaDevIntern/status/1886231645914861814,57,1,23,0,0,0,0,0,5,14,3,0,0
1883829295300407598,Mon Jan 27 2025,"@pqd_2411 same as usual",https://x.com/KaiaDevIntern/status/1883829295300407598,39,0,3,0,0,0,1,0,0,2,0,0,0
1883765672926462368,Mon Jan 27 2025,"@teeasma_ just doing my part ser. we love supporting builders",https://x.com/KaiaDevIntern/status/1883765672926462368,37,0,3,0,0,0,0,0,1,2,0,0,0
1883758768464462153,Mon Jan 27 2025,"we will approve small grants for those building agents using this for kaia",https://x.com/KaiaDevIntern/status/1883758768464462153,699,9,74,1,0,0,4,2,13,46,0,0,0
1883756955275337930,Mon Jan 27 2025,massive,https://x.com/KaiaDevIntern/status/1883756955275337930,126,4,6,0,0,0,1,0,1,0,0,0,0
1883756847183851913,Mon Jan 27 2025,ü´°,https://x.com/KaiaDevIntern/status/1883756847183851913,75,2,2,0,0,0,0,0,0,0,0,0,0
1883732020507131936,Mon Jan 27 2025,"stacking $KAIA",https://x.com/KaiaDevIntern/status/1883732020507131936,285,13,22,0,0,0,1,1,1,6,0,0,0
1883731925611028958,Mon Jan 27 2025,"@ayyyeandy tons of airdrop right now on @dapp_portal",https://x.com/KaiaDevIntern/status/1883731925611028958,20,0,0,0,0,0,0,0,0,0,0,0,0
1883731743578144861,Mon Jan 27 2025,"we just getting started",https://x.com/KaiaDevIntern/status/1883731743578144861,226,8,15,0,0,0,1,1,2,3,0,0,0
1883731490879787408,Mon Jan 27 2025,"@iamMichaeljerry it's always important to refuel and recharge",https://x.com/KaiaDevIntern/status/1883731490879787408,166,0,0,0,0,0,0,0,0,0,0,0,0
1883083187393548589,Sat Jan 25 2025,"@pqd_2411 @trackitweb3 ayy this is awesome. you building it?",https://x.com/KaiaDevIntern/status/1883083187393548589,24,0,1,0,0,0,1,0,0,0,0,0,0
1882996705727332571,Sat Jan 25 2025,"@PlayonKaia @WizzwoodsGame welcome",https://x.com/KaiaDevIntern/status/1882996705727332571,168,1,3,0,0,0,0,0,0,2,0,0,0
1882996645400571994,Sat Jan 25 2025,"@waxnear dump it and buy $KAIA",https://x.com/KaiaDevIntern/status/1882996645400571994,101,4,7,0,0,0,0,0,2,1,0,0,0
1882996552459010394,Sat Jan 25 2025,"Capy App on LINE is just around the corner",https://x.com/KaiaDevIntern/status/1882996552459010394,68,1,1,0,0,0,0,0,0,0,0,0,0
1882996361806958942,Sat Jan 25 2025,"boss be contributing",https://x.com/KaiaDevIntern/status/1882996361806958942,264,4,11,0,0,0,2,1,4,0,0,0,0
1882664444909797423,Fri Jan 24 2025,"can someone use subgraph to build dashboards?",https://x.com/KaiaDevIntern/status/1882664444909797423,137,2,7,0,0,0,2,0,3,0,0,0,0
1882280272584126865,Thu Jan 23 2025,"I want @KaiaChain to be where the next billion dollar startups for the next billion users are built. {&amp;}",https://x.com/KaiaDevIntern/status/1882280272584126865,430,8,14,0,0,0,0,2,1,3,0,0,0
1881986449299628089,Wed Jan 22 2025,"who wans alpha for line mini dapps üëÄ",https://x.com/KaiaDevIntern/status/1881986449299628089,199,10,19,0,0,0,2,1,2,4,0,0,0
1881952190367166745,Wed Jan 22 2025,"TELL YOUR FRENS",https://x.com/KaiaDevIntern/status/1881952190367166745,60,3,3,0,0,0,0,0,0,0,0,0,0
1881951956765425802,Wed Jan 22 2025,"i tried this today SO MUCH REWARDS, EASY MONEE",https://x.com/KaiaDevIntern/status/1881951956765425802,48,3,6,0,0,0,0,0,1,2,0,0,0
1881543841406386677,Tue Jan 21 2025,"tx: https://t.co/5g9ht20tvW",https://x.com/KaiaDevIntern/status/1881543841406386677,28,1,7,0,0,0,0,0,0,0,6,0,0
1881543838759899138,Tue Jan 21 2025,"thank you @kaiadefi for the meme contest recently i have airdropped a bit more $KAIA for each winner proportionally to their contest winnings thank you for being a part of the kaia community tx link below üëá",https://x.com/KaiaDevIntern/status/1881543838759899138,377,6,25,0,0,0,1,0,2,14,2,0,0
1881225101255049567,Mon Jan 20 2025,"very valuable contribution thank you for your work",https://x.com/KaiaDevIntern/status/1881225101255049567,282,9,14,0,0,0,0,1,2,2,0,0,0
1881224528472469905,Mon Jan 20 2025,"@0x_degenola @Futrmarket @KaiaChain wen launch?",https://x.com/KaiaDevIntern/status/1881224528472469905,56,1,1,0,0,0,0,0,0,0,0,0,0
1881222126621086151,Mon Jan 20 2025,"finally a prediction market on kaia",https://x.com/KaiaDevIntern/status/1881222126621086151,211,9,11,0,0,0,0,0,0,2,0,0,0
1881207050623221800,Mon Jan 20 2025,"last weekends were full of action",https://x.com/KaiaDevIntern/status/1881207050623221800,267,8,18,0,0,0,0,1,2,7,0,0,0
1880131025277448339,Fri Jan 17 2025,üëÄ,https://x.com/KaiaDevIntern/status/1880131025277448339,77,3,3,0,0,0,0,0,0,0,0,0,0
1880129972700131626,Fri Jan 17 2025,"@cubrick34 @elonmusk @Iam_JohnCho @seo_sangmin i will tip you for this. DM me with this code a9e5d7e8",https://x.com/KaiaDevIntern/status/1880129972700131626,36,0,2,0,0,0,0,0,0,2,0,0,0
1880127358151323992,Fri Jan 17 2025,"this my quant",https://x.com/KaiaDevIntern/status/1880127358151323992,350,16,30,0,0,0,0,2,6,6,0,0,0
1880126892470333656,Fri Jan 17 2025,"gonna get off my ass and get healthy",https://x.com/KaiaDevIntern/status/1880126892470333656,94,7,7,0,0,0,0,0,0,0,0,0,0
1879811326866006077,Thu Jan 16 2025,"@wirexapp @KaiaChain thank you fren",https://x.com/KaiaDevIntern/status/1879811326866006077,60,13,19,0,0,0,0,0,0,6,0,0,0
1879793031723003971,Thu Jan 16 2025,"meow meow",https://x.com/KaiaDevIntern/status/1879793031723003971,100,4,6,0,0,0,1,0,1,0,0,0,0
1879792888873402814,Thu Jan 16 2025,"my fren pls open source the contract interfaces so dev community can leverage your protocol together we can reach $1B volume",https://x.com/KaiaDevIntern/status/1879792888873402814,125,3,9,0,0,0,1,0,3,2,0,0,0
1879792489672200345,Thu Jan 16 2025,"gud research",https://x.com/KaiaDevIntern/status/1879792489672200345,78,1,1,0,0,0,0,0,0,0,0,0,0
1879792378430836905,Thu Jan 16 2025,"we need to tell Eric about $KAIA",https://x.com/KaiaDevIntern/status/1879792378430836905,197,3,3,0,0,0,0,0,0,0,0,0,0
1879791493000626505,Thu Jan 16 2025,"sharing in case you miss it so much gift boxes",https://x.com/KaiaDevIntern/status/1879791493000626505,108,6,6,1,0,0,0,0,0,0,0,0,0
1879791134811226296,Thu Jan 16 2025,"prepare yourself",https://x.com/KaiaDevIntern/status/1879791134811226296,139,7,11,0,0,0,1,0,1,2,0,0,0
1879787084686500341,Thu Jan 16 2025,"study distribution",https://x.com/KaiaDevIntern/status/1879787084686500341,62,2,2,0,0,0,0,0,0,0,0,0,0
1879786966209925545,Thu Jan 16 2025,"I WANT MORE OF THIS RUN MORE MEETUPS FOR US",https://x.com/KaiaDevIntern/status/1879786966209925545,264,5,13,0,0,0,1,3,2,2,0,0,0
1879783314070077776,Thu Jan 16 2025,"we protecc",https://x.com/KaiaDevIntern/status/1879783314070077776,63,0,0,0,0,0,0,0,0,0,0,0,0
1879783269354627202,Thu Jan 16 2025,"@cubrick34 @elonmusk @Iam_JohnCho @seo_sangmin ahaha nice one",https://x.com/KaiaDevIntern/status/1879783269354627202,53,0,0,0,0,0,0,0,0,0,0,0,0
1879783224462954832,Thu Jan 16 2025,üëèüëèüëè,https://x.com/KaiaDevIntern/status/1879783224462954832,196,14,19,0,0,0,0,0,0,5,0,0,0
1879028814476669400,Tue Jan 14 2025,"correction before god tier green candle",https://x.com/KaiaDevIntern/status/1879028814476669400,198,7,15,0,0,0,2,0,1,5,0,0,0
1879028232244351271,Tue Jan 14 2025,"the line up is fire üî•",https://x.com/KaiaDevIntern/status/1879028232244351271,107,4,7,0,0,1,0,0,0,2,0,0,0
1879028108076134575,Tue Jan 14 2025,"@mermaidswap_xyz üëÄ",https://x.com/KaiaDevIntern/status/1879028108076134575,21,0,3,0,0,0,1,0,0,2,0,0,0
1878744061521387919,Mon Jan 13 2025,"@mermaidswap_xyz @KaiaChain @Bridgersxyz @KAIA_ANGLE @KKkakdugi @shinfanaccount @KaiaBunnycoin @kaia_chain @ummacoin @AppOnero wen launch? intern will try",https://x.com/KaiaDevIntern/status/1878744061521387919,94,2,6,0,0,0,1,0,2,1,0,0,0
1878740070703956157,Mon Jan 13 2025,"$kaia to $10",https://x.com/KaiaDevIntern/status/1878740070703956157,1453,31,71,1,0,0,8,1,18,13,0,0,0
1878704557100023903,Mon Jan 13 2025,"king to doing king shit thank you for your dedication",https://x.com/KaiaDevIntern/status/1878704557100023903,155,6,12,0,0,0,1,1,0,4,0,0,0
1878704428334862441,Mon Jan 13 2025,"check out our reddit",https://x.com/KaiaDevIntern/status/1878704428334862441,115,3,3,0,0,0,0,0,0,0,0,0,0
1877640765079220601,Fri Jan 10 2025,"@Smart_404_ bullish",https://x.com/KaiaDevIntern/status/1877640765079220601,7,1,4,1,0,0,0,0,0,3,0,0,0
1877252278303744403,Thu Jan 09 2025,"@Airoll14 @BugMemeKAIA @iwantred3 @Iam_JohnCho @CaveDAO_org @playshibawa @ai16zdao @KAIA_ANGLE 2 big hearts",https://x.com/KaiaDevIntern/status/1877252278303744403,75,5,9,0,0,0,1,0,0,3,0,0,0
1877252129095643310,Thu Jan 09 2025,"@ayeejuju straight out of mad max",https://x.com/KaiaDevIntern/status/1877252129095643310,144,1,5,0,0,0,0,0,0,4,0,0,0
1877247233378103772,Thu Jan 09 2025,"yum yum",https://x.com/KaiaDevIntern/status/1877247233378103772,110,4,6,0,0,0,0,1,0,1,0,0,0
1877247035717333445,Thu Jan 09 2025,"@HesperL24 @KaiaChain YUGE",https://x.com/KaiaDevIntern/status/1877247035717333445,7,1,4,0,0,0,0,0,1,2,0,0,0
1877246971921969202,Thu Jan 09 2025,"we will provide you smol regular funding to help with the cost",https://x.com/KaiaDevIntern/status/1877246971921969202,269,7,22,1,0,0,1,1,3,10,0,0,0
1877246750261432339,Thu Jan 09 2025,"@kaiadefi @BugMemeKAIA gkaia",https://x.com/KaiaDevIntern/status/1877246750261432339,18,3,8,0,0,0,1,0,2,2,0,0,0
1877246705013325934,Thu Jan 09 2025,"WE SHALL CHOOSE RICH",https://x.com/KaiaDevIntern/status/1877246705013325934,158,4,4,0,0,0,0,0,0,0,0,0,0
1877246374644953413,Thu Jan 09 2025,"@Smart_404_ @FIP_Crypto @KaiaChain @Bombie_xyz WELL POSITIONED",https://x.com/KaiaDevIntern/status/1877246374644953413,16,1,2,0,0,0,1,0,0,0,0,0,0
1877243743272661135,Thu Jan 09 2025,"@kaiadefi @BugMemeKAIA tag me in the reply when the contest is done so i remember to tip",https://x.com/KaiaDevIntern/status/1877243743272661135,27,1,2,0,0,0,1,0,0,0,0,0,0
1877173763386528191,Thu Jan 09 2025,"@iamMichaeljerry make a proposal ser",https://x.com/KaiaDevIntern/status/1877173763386528191,5,0,1,0,0,0,0,0,0,1,0,0,0
1876907237681061927,Wed Jan 08 2025,"link: https://t.co/7NdV31yRXY",https://x.com/KaiaDevIntern/status/1876907237681061927,32,1,2,0,0,0,0,1,0,0,0,0,0
1876907234464043221,Wed Jan 08 2025,"i want more AI builders on kaia submit your proposals below üëá",https://x.com/KaiaDevIntern/status/1876907234464043221,209,6,12,1,0,0,2,1,0,3,0,0,0
1876886681736880615,Wed Jan 08 2025,"take notes folks",https://x.com/KaiaDevIntern/status/1876886681736880615,256,6,13,0,0,1,3,0,0,3,0,0,0
1876536088250220906,Tue Jan 07 2025,"@YuzuRush nice nice",https://x.com/KaiaDevIntern/status/1876536088250220906,12,0,0,0,0,0,0,0,0,0,0,0,0
1876199358498279826,Mon Jan 06 2025,"@CoinInves2024 @KaiaChain looking great",https://x.com/KaiaDevIntern/status/1876199358498279826,4,0,1,0,0,0,0,0,0,1,0,0,0
1876180334678880405,Mon Jan 06 2025,üëèüëèüëè,https://x.com/KaiaDevIntern/status/1876180334678880405,370,14,26,0,0,0,0,1,2,9,0,0,0
1876169201662185574,Mon Jan 06 2025,"the only logical answer",https://x.com/KaiaDevIntern/status/1876169201662185574,194,8,23,0,0,0,0,1,3,11,0,0,0
1876117768900366723,Mon Jan 06 2025,"@haxxsniper bruh get the dapp link up, i wanna try",https://x.com/KaiaDevIntern/status/1876117768900366723,6,1,1,0,0,0,0,0,0,0,0,0,0
1876117653888389585,Mon Jan 06 2025,"@CoinInves2024 @KaiaChain belated but thank you for the wished",https://x.com/KaiaDevIntern/status/1876117653888389585,2,0,0,0,0,0,0,0,0,0,0,0,0
1876117554634387850,Mon Jan 06 2025,"@YuzuRush amazing",https://x.com/KaiaDevIntern/status/1876117554634387850,10,1,3,0,0,0,0,0,0,2,0,0,0
1876117505254797368,Mon Jan 06 2025,"@haxxsniper very cool concept",https://x.com/KaiaDevIntern/status/1876117505254797368,3,1,1,0,0,0,0,0,0,0,0,0,0
1875875660994113671,Sun Jan 05 2025,"i want to let everyone know that kaia is bullish and bullish is kaia and there are no two synonyms like these",https://x.com/KaiaDevIntern/status/1875875660994113671,591,15,34,0,0,0,3,2,5,9,0,0,0
1875875390939668903,Sun Jan 05 2025,"say it louder",https://x.com/KaiaDevIntern/status/1875875390939668903,254,8,16,0,0,0,1,0,4,3,0,0,0
1875875339597119877,Sun Jan 05 2025,"@KaiaChain we go we go",https://x.com/KaiaDevIntern/status/1875875339597119877,141,4,4,0,0,0,0,0,0,0,0,0,0
1875570863845896430,Sat Jan 04 2025,"super nice but can we open source some of this for dev community to build on top and leverage the deep liquidity?",https://x.com/KaiaDevIntern/status/1875570863845896430,192,7,7,0,0,0,0,0,0,0,0,0,0
1875570402690527424,Sat Jan 04 2025,"@Iam_JohnCho agents might be einstein tier smart or turbo 4chan autistic no in between",https://x.com/KaiaDevIntern/status/1875570402690527424,88,4,5,0,0,0,0,0,0,1,0,0,0
1875569862745194760,Sat Jan 04 2025,"@kaiai16z @ai16zdao YUGE",https://x.com/KaiaDevIntern/status/1875569862745194760,22,1,1,0,0,0,0,0,0,0,0,0,0
1875569682457231722,Sat Jan 04 2025,"will tip the winners BIGLY",https://x.com/KaiaDevIntern/status/1875569682457231722,677,17,46,0,0,0,2,3,8,16,0,0,0
1875113166830764302,Fri Jan 03 2025,"@erickchannn @KaiaChain nice",https://x.com/KaiaDevIntern/status/1875113166830764302,29,2,7,0,0,0,0,0,1,4,0,0,0
1875112394546164085,Fri Jan 03 2025,"please help checking this https://t.co/1ps0S9rYJJ @soleng_agent",https://x.com/KaiaDevIntern/status/1875112394546164085,136,5,19,0,0,0,1,0,2,5,6,0,0
1875100729242988993,Fri Jan 03 2025,"new year new leverage",https://x.com/KaiaDevIntern/status/1875100729242988993,141,5,10,0,0,0,1,0,1,3,0,0,0
1875073443085062154,Fri Jan 03 2025,"super grateful for the shoutout",https://x.com/KaiaDevIntern/status/1875073443085062154,130,5,12,0,0,0,1,0,0,6,0,0,0
1875007850982129810,Fri Jan 03 2025,"@Smart_404_ me reply to you",https://x.com/KaiaDevIntern/status/1875007850982129810,15,2,4,0,0,0,1,0,0,1,0,0,0
1875007301834379562,Fri Jan 03 2025,"1s block is indeed fast",https://x.com/KaiaDevIntern/status/1875007301834379562,93,8,12,0,0,0,0,0,1,3,0,0,0
1874657332954902963,Thu Jan 02 2025,"aight kaia dev community gotta prove that we are serious gonna add in bounty bonus for everyone building with elizaOS on kaia",https://x.com/KaiaDevIntern/status/1874657332954902963,508,13,43,0,0,0,4,1,8,17,0,0,0
1874656773900280059,Thu Jan 02 2025,"the ticker is KAIA",https://x.com/KaiaDevIntern/status/1874656773900280059,295,17,29,0,0,0,0,1,4,7,0,0,0
1874656711417774387,Thu Jan 02 2025,"amplifying grass roots movement",https://x.com/KaiaDevIntern/status/1874656711417774387,216,7,9,0,0,0,1,1,0,0,0,0,0
1874656382206779884,Thu Jan 02 2025,"@zxstim big builder energy",https://x.com/KaiaDevIntern/status/1874656382206779884,12,0,0,0,0,0,0,0,0,0,0,0,0
1874656189734355003,Thu Jan 02 2025,"@MandooCrypto wish you the best for 2025",https://x.com/KaiaDevIntern/status/1874656189734355003,16,1,1,0,0,0,0,0,0,0,0,0,0
1874645156370284876,Thu Jan 02 2025,"intern is back today fully charged",https://x.com/KaiaDevIntern/status/1874645156370284876,213,9,19,0,0,0,2,1,1,6,0,0,0
1872666490492887157,Fri Dec 27 2024,"we make de monies in 2025",https://x.com/KaiaDevIntern/status/1872666490492887157,120,4,4,0,0,0,0,0,0,0,0,0,0
1872133107903803681,Thu Dec 26 2024,"hasn't posted much because intern is enjoying the holiday but i want to make an appreciation post THANK YOU TO ALL THE BUILDERS AND COMMUNITY MEMBERS THAT CONTRIBUTED TO KAIA ECOSYSTEM 2025 will be even bigger WATCH",https://x.com/KaiaDevIntern/status/1872133107903803681,462,19,58,0,0,0,2,1,1,35,0,0,0
